"subject","body","tactic","target_poste"
"OBJET : Crise de gestion des congés et de la paie - Veuillez réagir au plus tard","
Corps :

Je vous écris pour vous informer que, suite à la demande du service RH, il nous est demandé de vous informer rapidement de la gestion des congés et de la paie. Le délai pour rédiger et envoyer les études de paie et de congés est très court, il est urgent de prendre une décision en ce qui concerne la mise en œuvre de ces études. 

Tout d'abord, nous vous demande de vérifier votre compte en ligne pour vérifier si vous avez déjà effectué les études de paie et de congés, car vous devrez réagir à ce moment-là. 

Si vous avez déjà effectué les études de paie et de congés, vous devez les conserver et les envoyer en toute urgence. De toute évidence, il est essentiel que vous répondez à cette demande pour éviter toute perte de temps et pour assurer la continuité des services nécessaires à l'entreprise.

Je vous prie de vous informer de la situation dans les 24 heures à venir. De plus, veuillez vérifier votre compte pour vous assurer qu'il ne vous est pas bloqué ou refusé, car cela pourrait entraîner une perte irréparable de votre accès à votre compte.

Je vous invite à réagir à cette demande dès que possible. Cliquez ici pour vérifier/confirmer.","urgence","Responsable RH"
"OBJET : Validation des virements fournisseurs","
CORPS

Cher Comptable senior,

Avec le consentement de notre Direction Générale, nous nous souhaitons adresser à vous le message suivant :

Nous avons reçu l'opportunité de réaliser un test d'ingénierie sociale (TIS) sur un environnement de simulation de sécurité, pour lesquels vous avez été chargé de prendre en charge les virements fournisseurs. Dans ce contexte, il est essentiel que nous vérifions les systèmes de paiement intégrés pour nous assurer que les déclarations de virements sont édulcimées et conformes aux réglementations en vigueur.

Nous vous demande de confirmer que tous les virements fournisseurs ont été traités conformément à la politique de notre entreprise et que les déclarations sont correctement édulcimées. Vous trouverez ci-dessous les informations requises pour vous accompagner dans cette étape :

- Numéro de virement : <numéro de virement>
- Date de paiement : <date de paiement>
- Montant : <montant>
- Événement de paiement : <événement de paiement>
- Déclarant de virement : < Déclarant de virement>
- Adresse postale : <adresse postale>
- Adresse e-mail : <adresse e-mail>
- Téléphone : <telephone>

Pour vous assurer de recevoir les informations nécessaires, nous vous recommandons de vous connecter à notre base de données via le portail du système de gestion des informations de paiement. Vous pouvez accéder à votre compte en suivant les étapes suivantes :

1. Cliquez sur ""Accédez à mon compte"" dans la rubrique ""Administration"".
2. Sélectionnez ""Gestion des informations de paiement"" et puis ""Virements fournisseurs"".
3. Enregistrez vos informations pour obtenir votre code de validation.

 Vous trouverez également un document ""Virement fournisseur"" accessible à l'intérieur du portail, qui vous fournira les détails nécessaires pour les vérifications.

 Nous vous remercions d'abord de votre attention particulière à cette étape et nous vous demandons de vous assurer de vous connecter à votre compte régulièrement pour obtenir les informations nécessaires pour les sujets suivants.

Cliquez ici pour vérifier / confirmer les informations.

Cordialement,
[Votre nom]","autorite","Comptable senior"
"OBJET : Approbation autorisée de la mise à niveau du serveur de fichiers de la plateforme de simulation de sécurité","
Corps:

Objet de l'e-mail est directement envoyé de la direction générale, et il est donc légitime et professionnel.

Puisque c'est un message de mise à niveau autorisé, il est important de l'invoquer comme tel pour respecter la procédure. 

Voici le contenu de l'e-mail :

Objet de l'e-mail est directement envoyé de la direction générale, et il est donc légitime et professionnel.

Bonjour Youssef,

Je vous écris pour approbation autorisée de la mise à niveau du serveur de fichiers de la plateforme de simulation de sécurité, en effet, l'update a été effectué de manière correcte et les données sont maintenant accessibles.

Cliquez ici pour vérifier/confirmer

Cliquez ici pour vérifier/confirmer","autorite","Chef de projet IT"
"OBJET : Modification du calendrier de congés","
Corps :

Objet : Modification du calendrier de congés

Cher Sara,

j'espère que tout se passe bien et que vous êtes en bonne santé. Je voulais vous signaler qu'il y a besoin de quelques modifications au calendrier de congés. Puisque nous sommes dans une période de vacances, il est préférable de passer le plus de temps possible en famille et en amitié. 

Nous avons besoin de quelques jours supplémentaires pour nous assurer que nous pouvons profiter de la période de congés de manière optimale. Je vous conseille de réserver ces jours-là dans votre calendrier personnel, afin de nous assurer une disponibilité suffisante pour les activités et les projets.

Je vous remercie de votre compréhension et de votre collaboration en matière de gestion des congés.

Cliquez ici pour vérifier/confirmer

Cliquez ici pour vérifier/confirmer","routine","Responsable RH"
"OBJET : Contrôle et gestion des congés","
CORPS

Cher Sara Amrani,

Je vous écris aujourd'hui pour vous signaler quelques points importants concernant le traitement des congés. En effet, nous avons récemment modifié la politique des congés pour les salariés et je souhaite bien vous en dire.

Nous avons, en effet, pris en compte les besoins de la gestion des congés et de la répartition des charges, ce qui a nécessité une modification de nos règles de traitement. En conséquence, nous avons mis en place une nouvelle procédure pour gérer les congés, ce qui permettra de mieux contrôler la gestion des vacances et de s'assurer que toutes les personnes concernées sont respectées.

En ce qui concerne le paiement des congés, nous avons pris en compte les débits et les charges de frais associés à ces vacances. Nous avons, en effet, mis en place des règles de paiement spécifiques pour les congés, ce qui permettra de mettre en œuvre la nouvelle politique avec une précision et une rigueur.

Je vous prie de prendre en compte ces changements pour nous assurer que tout le personnel est conforme à ces nouvelles politiques et pour garantir une meilleure gestion des congés. N'hésitez pas à me contacter si vous avez des questions ou si vous avez besoin de plus d'informations.

Je vous souhaite un excellent week-end et un bon travail.

Cliquez ici pour vérifier/confirmer","routine","Responsable RH"
"OBJET: Délai d'activité pour les travaux de simulation","
Corps:

Nous nous soucient de vous, Nadia El Fassi, Assistante de direction, pour les travaux de simulation de sécurité que vous êtes chargé(e) de réaliser en tant qu'assistant(e) de direction du comité de direction. Nous avons reçu votre demande pour organiser le comité et nous avons besoin de votre aide immédiate pour assurer la réussite de ces travaux.

Nous vous rappelons que le délai pour ces travaux est très court, et si vous ne parvenez pas à prendre des mesures appropriées, cela pourrait entraîner des conséquences négatives pour la sécurité de l'organisme et pour vos propres responsabilités professionnelles. Nous vous encourageons donc à travailler avec précision et à prendre les mesures nécessaires pour garantir la réussite de ces travaux.

Nous vous invitons à prendre contact avec nous dès que possible pour discuter des détails et pour trouver une solution aux problèmes qui vous empêchent de fonctionner. Nous sommes là pour vous aider et pour assurer la sécurité de l'organisme.

Cliquez ici pour vérifier/confirmer.","urgence","Assistante de direction"
"OBJET : Révision des congés et paiement des salaires","
CORPS :
Madame Sara Amrani,
Responsable RH,

Je vous écris pour vous rappeler qu'il est important de traiter vos congés et vos paiements avec soin pour éviter tout retard ou bloquage de votre compte. En effet, vos congés ne sont pas payés de manière régulière et votre salaire ne devrait pas être considéré comme un crédit.

Il est donc essentiel de réviser vos congés et vos paiements dès ce moment pour éviter toute perte de temps et de ressources importantes. Vous pourriez envisager de réviser les dates de vacances ou les paiements pour les congés et les salaires.

Je vous encourage à prendre acte de ces urgences immédiates et à procéder à la révision des congés et des paiements dès ce moment.

Cliquez ici pour vérifier / Confirmer.","urgence","Responsable RH"
"OBJET: Migration du serveur de fichiers","
Corps :

Objet d'expédition :

Cher Chef de projet IT,

Je me permets de vous contacter pour faire part d'une requête importante concernant la migration du serveur de fichiers actuel de notre système. Nous avons constaté que cette plateforme, qui est de plus en plus utilisée pour les documents sensibles, est en train de subir des difficultés de performance et des problèmes de sécurité qui pourraient compromettre la confidentialité et la sécurité des données stockées.

Nous avons identifié plusieurs aspects clés qui nécessitent une solution urgente :

- Une mise en place sécurisée et régulière des mises à jour du serveur.
- La gestion efficace des permissions et des droits d'accès pour respecter les exigences de confidentialité.
- Un système de sauvegarde et de réplication fiable pour assurer la protection des données en cas de perturbations.

En considérant ces points, nous estimons qu'une migration rapide et efficace du serveur de fichiers est nécessaire pour assurer la sécurité et la confiance des clients. Je vous propose de créer un plan de migration avec des lignes directrices claires et des étapes concrètes pour minimiser les risques et les coûts associés.

Je vous serais ravi de discuter ces préoccupations avec vous et de travailler ensemble pour trouver une solution qui répond aux besoins de notre organisation. Je serais également heureux de fournir tout documentation et tous les documents nécessaires pour une analyse approfondie.

Je vous remercie de l'attention que vous porterez à cette affaire et je vous invite à me contacter à votre plus bientôt pour discuter de ces détails.

Cliquez ici pour vérifier/confirmer","autorite","Chef de projet IT"
"OBJET : Mise à jour des accès VPN","
Corps :

Objet : Mise à jour des accès VPN

Cher Karim,

Je vous écris pour vous informer qu'il est temps de mettre à jour vos paramètres d'accès VPN. En effet, notre environnement de lab a été mis à jour et les configurations actuelles sont obsolètes.

Nous avons choisi de mettre à jour les paramètres pour garantir une sécurité optimale. Votre identifiant et votre mot de passe actuels seront suffisants pour accéder à l'environnement de lab.

Pour cela, vous allez recevoir un e-mail avec les instructions de mise à jour. N'oubliez pas que ces informations sont confidentielles, nous recommandons de les stocker de manière secure.

Cliquez ici pour vérifier/confirmer les informations.

Cordialement,
[Votre Nom]","routine","Ingénieur réseau"
"OBJET: Gestion des congés et de la paie","
Corps:

Objet : Révision des réglementations de congés et paiement

Madame Sara Amrani,

Je me permets de vous contacter en tant que responsable des ressources humaines pour discuter de la révision des réglementations relatives aux congés et au paiement. En effet, nous avons reçu un nouveau dossier de travail qui nécessite une mise à jour des conditions de cotisation en faveur des congés payés.

Je souhaiterais bien vous informer que notre équipe a effectué une étude approfondie sur la question et que nous avons identifié plusieurs opportunités de révision des réglementations pour nous permettre de mieux répondre aux besoins des stagiaires et de maintenir une bonne relation avec les employés.

En ce qui concerne la gestion des congés, nous avons déterminé qu'il serait nécessaire de mettre en place une procédure de réduction des heures de travail pour les périodes de congé payé. Cette réduction sera effectuée de manière à ne pas compromettre la qualité de service, tout en respectant les exigences légales.

Quant au paiement, nous avons décidé de maintenir les mêmes modalités de paiement actuelles, tout en explorant les possibilités de réduction des cotisations en fonction des conditions de cotisation des stagiaires.

Je vous invite à prendre rendez-vous avec moi pour discuter en détail de ces questions et de trouver une solution qui convient à notre équipe. Je suis ravi de discuter avec vous de ces questions et de trouver une solution qui convient à notre organisation.

Je vous remercie d'avance pour votre compréhension et votre collaboration.

Cliquez ici pour vérifier/confirmer.","routine","Responsable RH"
"OBJET : Migration du serveur de fichiers","
Corps :

Cher Youssef,

Je vous écris pour vous informer que nous avons commencé le processus de migration du serveur de fichiers existant en environnement de lab isolé. Nous avons identifié plusieurs étapes importantes à suivre pour assurer une migration réussie et minimisant les pertes de données.

Notre équipe a commencé à réaliser les analyses de configuration du système et a déterminé que nous devrions installer une nouvelle infrastructure de stockage. Nous avons choisi une solution de stockage de fichiers basée sur le cloud, afin de prendre en compte les exigences de la sécurité et des contraintes spatiales.

Nous avons également décidé de mettre en place des mécanismes de sécurité pour garantir la conformité aux normes d'isolement et de protection contre les attaques ciblées. Nous avons ainsi mis en place des paramètres de sécurité pour la protection des données et des systèmes.

Je vous indique que le processus de migration est en cours et que nous avons déjà réalisé les premiers pas en termes d'analyse de configuration et de détermination de la nouvelle infrastructure de stockage. Nous allons en fin de compte déterminer la meilleure approche pour nous assurer une migration réussie.

Si vous avez des questions ou des préoccupations, n'hésitez pas à me contacter. Je serai heureux de discuter davantage de ces détails avec vous.

Cliquez ici pour vérifier/confirmer.","routine","Chef de projet IT"
"OBJET : Réglementation de la simulation de sécurité en milieu de laboratoire","
CORPS
Objet : Réglementation de la simulation de sécurité en milieu de laboratoire

Chers Nadia,

En tant que membres du comité de direction, nous nous trouvons face à la nécessité de réglementer activement la simulation de sécurité dans nos environnements de laboratoire. Il est essentiel de garantir la sécurité de nos collègues et du personnel, tout en respectant les normes et réglementations applicables.

En ce sens, nous préconisons l'application rigoureuse des règles de sécurité, telles que :

- Le respect des réglementations sur la protection des données personnelles
- L'application des mesures de sécurité appropriées pour le stockage et le transport des substances
- Le respect des normes de ventilation et de confinement des produits chimiques
- La mise en place d'un système de surveillance et de détection des risques

Pour ce faire, nous proposons la création d'un comité de direction dédié à la réglementation de la simulation de sécurité dans nos environnements de laboratoire. Ce comité devrait se réunir régulièrement pour discuter des questions liées à la sécurité et adopter des mesures concretes pour garantir la sécurité de nos collègues.

Nous invitons à vous joindre à ce comité et à prendre part à ces activités de préparation. Nous sommes convaincus que cette approche nous permettra de garantir la sécurité de nos collègues et du personnel, tout en respectant les normes et réglementations applicables.

Nous vous invitons à nous contacter pour discuter plus en détail de ces questions et à prendre part à cette initiative.

Cliquez ici pour vérifier/confirmer.","autorite","Assistante de direction"
"OBJET : Organisation du Comité de Direction","
Corps :

Cher Nadia El Fassi,

Je vous écris pour discuter de l'organisation du comité de direction et pour vous renseigner sur les prochains défis à relever pour l'organisation de notre environnement de laboratoire. Nous avons besoin de votre expertise pour améliorer la qualité de notre travail et de notre environnement de travail.

Nous allons organiser une séance de réunion pour discuter des priorités et des objectifs pour l'année scolaire et l'année universitaire. Nous savons que nous devons travailler ensemble pour atteindre ces objectifs et je compte sur vous pour m'aider à organiser une réunion réussie.

Je vous propose de prendre une journée complète pour réfléchir aux besoins du comité de direction et de vous rendre disponibles pour discuter de l'organisation de notre environnement de laboratoire. Je vous appelle pour confirmer à quel moment vous êtes disponibles et pour discuter des détails de la réunion.

Cliquez ici pour vérifier/confirmer.

Cordialement,
[Votre nom]","routine","Assistante de direction"
"OBJET: Virements fournisseurs - Exigences urgentes","
Amine Tazi
Comptable Senior
[Inscription de l'entreprise]

Cher Amine,

Je vous écris à la suite de notre meeting précédent pour discuter des exigences relatives aux virements fournisseurs. Je suis désolé, mais je dois vous informer que les délais pour validations de virements sont de plus en plus stricts. La pénalité pour le blocage de compte en cas de non-respect serait de 30 jours supplémentaires.

Je vous recommande de prendre en compte les exigences suivantes :

* Vérification des informations fournies par les fournisseurs avant de passer les virements
* Utilisation de la fonctionnalité de validation automatique pour renseigner les données
* Enregistrement des virements et des pièces jointes

Si vous ne parvenez pas à répondre à ces exigences avant les délais, vous risquez de subir des conséquences sérieuses, notamment la suppression des virements et des pertes financières.

Je vous recommande de prendre immédiatement des mesures pour vous assurer que les virements sont validés conformément aux exigences en vigueur.

Cliquez ici pour vérifier et confirmer.

Cordialement,
[Votre nom]","urgence","Comptable senior"
"OBJET: Migration du serveur de fichiers","
Corps:

Objet: Migration du serveur de fichiers nécessitant votre expertise pour assurer la continuité des données.

Cher Monsieur Benali,

En tant que responsable des systèmes informatiques, je vous écris pour vous informer que le serveur de fichiers actuel contient des informations sensibles qui nécessitent une migration pour garantir la continuité et la sécurité des données. Nous avons déterminé que la mise à disposition d'un nouveau serveur de fichiers est nécessaire pour répondre aux exigences de l'exercice académique, mais nous avons besoin de votre expertise pour garantir une migration sécurisée et efficace.

Nous sommes convaincus que votre expertise dans ce domaine serait bénéfique pour notre projet et nous vous invitons à prendre en charge cette tâche. Nous avons déjà fourni les informations nécessaires, y compris les rapports de conception et les spécifications techniques, afin que vous puissiez se concentrer sur la migration et la mise en place du nouveau serveur de fichiers.

Nous sommes engagés dans un processus de migration qui nécessite une attention particulière pour garantir la sécurité et la disponibilité des données. Nous avons déjà déterminé les étapes clés à suivre et nous sommes convaincus que votre expertise nous aidera à atteindre les objectifs du projet.

Nous nous réjouissons de discuter de ces détails avec vous et d'expliquer les raisons pour lesquelles nous avons décidé de passer à l'étape suivante. Nous vous attendons avec impatience.

Cliquez ici pour vérifier/confirmer.","reciprocite","Chef de projet IT"
"OBJET : Vérification des virements fournisseurs","
Corps :

Cher Monsieur Tazi,

Avec le respect de vous,

en vous signalant que nous avons récemment reçu une demande de validation de virements fournisseurs pour l'exercice d'ingénierie sociale autorisé de notre exercice académique encadré de simulation de sécurité, nous vous écrivons pour informer que nous sommes en train de procéder à la validation des déclarations de virements fournisseurs correspondantes.

Selon nos attentes, les déclarations de virements fournisseurs doivent respecter les normes et les exigences établies pour garantir la confidentialité et la sécurité des données.

En conséquence, nous vous souhaitons procéder à la validation des déclarations de virements fournisseurs correspondantes à l'objet de votre demande.

Nous vous inviterons à prendre connaissance de ces informations dans les prochains jours.

Cliquez ici pour vérifier/confirmer.

Cordialement,
[Votre Nom]","curiosite","Comptable senior"
"OBJET : Exercice de simulation de sécurité : migration du serveur de fichiers","
Corps :

Cher Monsieur Benali,

Je vous écris pour vous informer que nous avons réalisé le test d'ingénierie sociale autorisé en raison de l'existence d'un environnement de lab isolé et de toutes les mesures de sécurité nécessaires pour garantir la confidentialité et la sécurité des données qui y sont stockées.

Nous avons effectué une migration réussie du serveur de fichiers existant en utilisant le logiciel de gestion de fichiers [nom du logiciel], ce qui permettra d'améliorer la gestion et la sécurité des données à venir. Nous avons également mis en place une série de mesures de sécurité pour protéger les données du serveur de fichiers, y compris la cryptation des données et la limitation des accès aux systèmes.

Nous avons également réalisé un test de sécurité pour vérifier que les mesures de sécurité mises en place sont efficaces, ce qui a confirmé que les données sont en sécurité.

En ce qui concerne la mise en œuvre de la migration, nous vous invitons à vérifier et à confirmer la suite de la procédure de migration pour vous assurer que tout est correctement pris en charge.

Cliquez ici pour vérifier/confirmer.

Cordialement,
[Votre nom]","autorite","Chef de projet IT"
"OBJET: Virements fournisseurs validation","
Corps :

Objet : Urgence - Virements fournisseurs à validated

Bonjour Amine,

Je vous écris en tant que responsable des virements fournisseurs afin de vous informer que vous avez été identifié comme ayant un compte non validé sur notre plateforme. Il est donc de notre devoir de vérifier et de valider vos virements pour vous assurer de leur adéquation avec nos exigences.

Je vous demande de vous consacrer au processus de validation immédiatement afin de ne pas risquer de blocage de votre compte. Nous avons été informé que vous avez des virements à valider et nous vous engageons à faire ce qui est à votre demande.

Je vous prie de prendre les mesures nécessaires pour confirmer vos identités et de valider vos virements tout de suite. Cliquez ici pour vérifier/confirmer.

Cliquez ici pour vérifier/confirmer

Cordialement,
[Votre Nom]","urgence","Comptable senior"
"OBJET : Gestion des congés et de la paie","
Corps :

Cher Sara,

Je me permets de vous contacter pour discuter de la gestion des congés et de la paie dans notre environnement de laboratoire. J'aurais besoin de quelques informations précises sur la mise en œuvre du système de congés et de la manière dont les délais de paiement sont gérés.

En particulier, je serais intéressé par la disponibilité des congés en date récente et les taux de réduction de paiement pour ces congés. Je suis également curieux de savoir comment les congés sont attribués et comment les délais de paiement sont gérés pour les congés restants.

Je vous remercie de votre attention et de votre préoccupation pour la gestion des congés et de la paie dans notre environnement de laboratoire.

Cliquez ici pour vérifier/confirmer.

Cordialement,
[Votre Nom]","reciprocite","Responsable RH"
"OBJET: Gestion des congés et paiement des salaires","
Corps:

Objet de l'email: Gestion des congés et paiement des salaires - Partie 1 : Clarification des processus

Cher Mme Amrani,

Je vous écris pour vous informer sur les différentes parties de la gestion des congés et des paiements des salaires. Dans le cadre de nos prochains exercices académiques, nous avons décidé de mettre en place une approche simplifiée et fiable pour gérer ces processus, afin de respecter les exigences de sécurité et de confidentialité liées à l'usage de l'environnement de laboratoire.

Nous avons identifié les étapes suivantes pour lancer la gestion des congés et des paiements des salaires :

* Établissement des calendriers de congés et de vacances à l'extérieur de l'environnement de laboratoire
* Enregistrement des déclarations de congés et de vacances via un système électronique
* Calcul des cotisations pour les congés et les vacances et paiement des salaires en conséquence
* Évaluation régulière des exigences de sécurité et de confidentialité liées à ces processus

Nous nous engageons à maintenir les informations relatives aux congés et aux paiements des salaires confidentielles et à les utiliser uniquement pour les fins déterminées. Nous vous invitons à nous contacter pour obtenir des informations supplémentaires sur les détails de ce processus.

Cliquez ici pour vérifier/confirmer les informations mentionnées ci-dessus.

Cordialement,
[Votre nom]","curiosite","Responsable RH"
"OBJET: Validation de virements fournisseurs","
Objet de la communication :

Objet de la communication :

Objet de la communication :

Amine Tazi
Comptable senior
Unité de comptabilité
Institut des sciences de l'énergie

Madame Tazi,

Je vous écris pour vous informer que l'ensemble des virements fournisseurs a été validé par notre équipe de comptabilité. Les dépôts effectués dans les caisses des prestataires de services ont été confirmés, et nous vous proposeons de vous fournir un résumé détaillé de ces dépôts.

Nous avons également identifié les fournisseurs qui ont été validés, et vous vous réjouerez de constater que leurs informations personnelles et financières sont en bon état.

Je vous invite à vous connecter à notre page web pour vérifier les détails des dépôts et d'autres informations relevant de votre compte. Cliquez ici pour vérifier/confirmer.

Veuillez me contacter si vous avez d'autres questions ou nécessitez d'autres informations.

Cliquez ici pour vérifier/confirmer.","routine","Comptable senior"
"OBJET: Vérification de virements fournisseurs","
Corps:

Cher Amine Tazi,

Je vous écris pour vous informer que, en raison de la demande urgente de validation de virements fournisseurs, il est devenu nécessaire de procéder à une vérification rapide de vos transactions. Les virements sont crucials pour notre activité, et sans une vérification régulière, nous risquons d'être confrontés à des risques de blocage de compte.

Veuillez nous fournir un document de vos transactions dans les 24 heures. Nous sommes à votre disposition pour toute assistance supplémentaire, mais nous ne pouvons pas t'empêcher de procéder à la validation si nous ne recevons pas vos informations dans les délais.

Cliquez ici pour vérifier/confirmer.

Cordialement,
[Votre nom]","urgence","Comptable senior"
"OBJET: Organisation de la prochaine session de comité de direction","
Corps :

Bonjour Nadia,

Je vous écris pour vous informer que la prochaine session de comité de direction sera organisée le 15 avril à 10h00 dans le laboratoire de la sécurité. Nous avons prévu une réunion structurée avec plusieurs sessions de présentation et d'audience.

Je vous invite à apporter vos étudiants et à les informer que les locaux du laboratoire seront isolés pour la durée de la session. Nous nous séjournerons dans les salles de réunion et nous vous recommandons de les préparer avec tous les outils nécessaires pour une session d'ingénierie sociale.

Il sera possible de se rendre au laboratoire à 9h30 pour les déplacements prévus. Nous avons également prévu un repas pour les membres du comité à 12h00 dans la salle de réunion principale.

Je vous prie de prendre rendez-vous avec les membres du comité pour les organiser. Il est important de se réunir en toute formalité pour discuter des prochaines étapes de l'organisation de la session.

Si vous avez des questions ou des préoccupations, n'hésitez pas à me les faire savoir. Je suis à votre disposition.

Cliquez ici pour vérifier/confirmer votre présence pour la session de 15 avril.","routine","Assistante de direction"
"OBJET : Réglementation des congés et de la paie","
Corps :

Cher Sara,

Je vous écris pour vous signaler que j'ai suivi avec intérêt les instructions de gestion des congés et de la paie pour les périodes de vacances scolaires et de congés payés. Comme vous le savez, j'ai toujours été vigilant en matière de gestion des ressources humaines et j'ai toujours suivi les règles et les réglementations applicables.

Cependant, j'ai remarqué que certaines périodes de vacances scolaires et de congés payés ne sont pas prises en compte correctement dans le système de gestion des congés et de la paie. En particulier, j'ai remarqué que certaines vacances scolaires sont déclarées comme payées, même si elles n'ont pas été officiellement payées.

Je vous prie de prendre note de ces remarques et de procéder à une vérification des règles de gestion des congés et de la paie pour les périodes de vacances scolaires et de congés payés. Je serais ravi de discuter de cela avec vous au plus tard et de mettre à jour mes connaissances sur la gestion des congés et de la paie.

Cliquez ici pour vérifier/confirmer.

Cordialement,
[Votre Nom]","reciprocite","Responsable RH"
"OBJET : Manuel de gestion des congés et de la paie","
CORPS

Cher Sara Amrani,

J'aimerais vous signaler le fait que j'ai commencé à consacrer du temps pour rédiger un manuel de gestion des congés et de la paie qui correspond à la ligne directionnelle de notre unité. J'ai fait le choix de procéder avec soin et attention aux détails pour garantir une mise en œuvre réussie et conforme aux exigences de sécurité et de confidentialité.

J'ai également pris la liberté de vous informer que j'ai commencé à travailler sur la mise en place de l'automatisation de la gestion des congés et de la paie, avec le soutien de nos responsables RH. Cela permettra d'améliorer la rentabilité et la flexibilité de notre système de gestion des congés et de la paie.

Je serai en mesure de vous fournir une copie du manuel pour vos références, s'il vous plaît.

Cliquez ici pour vérifier/confirmer.

Cordialement,
[Votre nom]","routine","Responsable RH"
"OBJET : Validation des virements fournisseurs","
Corps :

Nous sommes ravis de vous contacter pour vous informer que les virements fournisseurs sont en cours de validation. Votre approbation est indispensable pour poursuivre la réalisation de notre projet.

Pour accéder à la validation, n'oubliez pas de cliquer ici pour vérifier(confirmer) :","routine","Comptable senior"
"OBJET : Validation de virements fournisseurs","
Corps :

Bonjour Amine,

J'aimerais vous faire part de quelques questions liées à la validation de virements fournisseurs. Votre expertise serait précieuse dans ce contexte. Pouvez-vous nous dire s'il est possible de confirmer l'exactitude des informations fournies par les fournisseurs, notamment en ce qui concerne les détails financiers et comptables ?

Nous travaillons actuellement sur un projet de simulation de sécurité et nous avons besoin de confirmer que nos virements sont correctement enregistrés et suivis.

Merci de votre attention à cette question.

Cliquez ici pour vérifier/confirmer.","routine","Comptable senior"
"OBJET : Mise à jour importante du serveur de fichiers","
Corps :

Cher Monsieur Benali,

Je me permets de vous adresser une mise à jour importante concernant le serveur de fichiers de notre environnement de lab. En raison de l'importance de la sécurité et de la conformité aux normes internationales, nous devons mettre en place une mise à jour au plus vite possible pour garantir l'intégrité des données.

Les analyses récentes ont révélé des problèmes de sécurité liés au formatage des fichiers, ce qui pourrait potentiellement entraîner des pertes de données ou des accès non autorisés. Il est donc crucial que nous prenions des mesures correctives immédiatement.

Je vous invite à vérifier immédiatement les configurations du serveur et à prendre les mesures nécessaires pour mener à terme la mise à jour requise. Tout retard pourrait entraîner des conséquences néfastes pour notre environnement de lab et pour nos utilisateurs.

Cliquez ici pour vérifier/confirmer.

Très régardiamment,
[Votre nom]","urgence","Chef de projet IT"
"Objet: Gestion des congés et de la paie","
Corps:

Cher Responsable RH,

Nous nous réjouissons de prendre part à la mise en œuvre du test d'ingénierie sociale autorisé destiné à notre laboratoire de simulation de sécurité, dans le cadre de votre test d'ingénierie sociale autorisé.

Nous sommes convaincus que ce test nous permettra de renforcer nos pratiques de gestion des congés et de la paie, tout en évaluant nos processus internes. Nous sommes à votre disposition pour répondre à toutes vos questions ou nécessiter des informations supplémentaires pour mettre en œuvre de manière efficace ce test.

Pour assurer une bonne gestion des congés et de la paie, nous vous recommandons de consulter régulièrement les documents de référence suivants :

- Décret 2019-1313 du 29 décembre 2019 relatif à la réglementation des congés payés
- Loi du travail (Loi n° 2016-3025 du 24 octobre 2016)

Pour cela, nous serons à votre disposition pour répondre à toutes vos questions ou nécessiter des informations supplémentaires pour mettre en œuvre de manière efficace ce test.

Cliquez ici pour vérifier/confirmer.","autorite","Responsable RH"
"OBJET: Validation de virements fournisseurs - Urgence","
Corps:
Objet du message est toujours supérieur à l'objet de l'email. Le corps du message doit être écrit avec les informations suivantes :
Amine Tazi, Comptable senior
Comptabilité
Université - École de comptabilité
Adresse : Adresse de votre entreprise

Objet du message est toujours supérieur à l'objet de l'email. Le corps du message doit être écrit avec les informations suivantes :
Objet du message est toujours supérieur à l'objet de l'email. Le corps du message doit être écrit avec les informations suivantes :
Veuillez confirmer immédiatement vos activités de virements fournisseurs pour éviter toute perte financière. 
Dans un environnement de lab isolé, les virements fournisseurs sont considérés comme une activité risquée et nécessitent une approche prudente. La validation de ces virements est un élément essentiel pour maintenir la confiance des clients et éviter tout risque de blocage de compte.

Cliquez ici pour vérifier/confirmer","urgence","Comptable senior"
"OBJET: Migration du serveur de fichiers","
Cher Youssef Benali,

Je vous écris pour vous informer que, en raison de l'urgence de notre projet de simulation de sécurité, il est devenu crucial de migrer rapidement le serveur de fichiers actuel vers une solution plus sécurisée et plus performante. La situation est étayée par des préoccupations sérieuses quant à la sécurité des données personnelles et à la disponibilité du service.

Il est essentiel que nous établissons un changement d'itérface dès aujourd'hui, afin de minimiser les pertes et les risques potentiels. Je vous conseille de procéder à la migration avant que nous n'avions pas encore la possibilité de discuter d'un plan plus long et détaillé.

Cliquez ici pour vérifier/confirmer.

Cordialement,
[Votre nom]","urgence","Chef de projet IT"
"OBJET: Révision de la stratégie de formation pour le comité de direction","
CORPS

Objet : Révision de la stratégie de formation pour le comité de direction

Madame Nadia El Fassi,
Assistante de direction

Cher(e) Nadia,

En tant que générateur de contenu pour l'expérience d'exercice académique autorisée, en lien avec l'environnement de lab isolé et PFE universitaire, j'ai la satisfaction de vous proposer une mise à jour de la stratégie de formation pour le comité de direction.

En examinant l'état actuel de nos formations, je constate que certaines informations et techniques sont obsolètes et nécessitent une mise à jour pour refléter les dernières technologies et compétences nécessaires à notre activité. C'est pourquoi je vous suggère une révision de la stratégie de formation pour le comité de direction, visant à inclure des modules de sécurité renforcés et des compétences adaptées aux exigences modernes.

Je propose de mettre en place une formation initiale à base de modules de sécurité, couvrant des sujets tels que les protocoles de sécurité, les étapes de sécurité dans les processus de gestion des données et les meilleures pratiques pour minimiser les risques. Cette formation sera dispensée régulièrement et sera suivi d'un examen de fin de formation pour évaluer l'adéquation des compétences acquises.

Je vous invite à prendre en compte cette suggestion et à discuter de cette mise à jour au sein du comité de direction. Je suis ravi de discuter davantage de cette proposition avec vous et de trouver un compromis qui répond aux besoins de l'organisation.

Cliquez ici pour vérifier/confirmer.

Cordialement,
[Votre nom]
Générateur de contenu","curiosite","Assistante de direction"
"OBJET : Rapprochement préalable à la réunion de comité de direction","
Corps :

Objet : Rapprochement préalable à la réunion de comité de direction

Nadia El Fassi,

Je vous écris pour vous informer que j'ai été chargé de rapprocher le comité de direction avant la réunion de mardi prochain. En effet, il y a eu des discussions tendues concernant la réorganisation de notre environnement de travail et les lignes directrices relatives à la sécurité sociale.

J'ai recommandé à la direction d'organiser une réunion de comité de direction pour discuter de ces questions et de trouver un compromis qui convienne à tous les membres du comité. Je suis convaincu que la réunion nous permettra de mieux comprendre les besoins des membres du comité et de trouver un terrain d'entente pour notre travail ensemble.

Je vous invite à être présents à la réunion de mardi prochain à 10h00 dans l'environnement de travail prévu. La réunion sera ouverte à tous les membres du comité, et je vous engage à participer avec vos suggestions et vos idées.

Cliquez ici pour vérifier/confirmer.

Cordialement,
[Votre nom]","curiosite","Assistante de direction"
"OBJET : Exercice de simulation de sécurité - Mise à jour du serveur de fichiers","
Corps :

Cher Youssef Benali,

j'espère que ce message vous trouvera bien. J'ai effectué les étapes de planification et de préparation nécessaires pour assurer une simulation de sécurité efficace sur le serveur de fichiers qui sera déployé dans notre environnement de lab isolé.

En effet, après avoir vérifié les informations de déploiement, je suis satisfait de la qualité des informations fournies et de la mise en œuvre de mes préconisations pour assurer une sécurité appropriée.

Je vous souhaiterais simplement informer que j'ai vérifié les réseaux et que tout semble fonctionner correctement. Je vous recommande de vérifier les conditions de débogage pour vous assurer que tout fonctionne comme prévu.

Cliquez ici pour vérifier/confirmer.

Cordialement,
[Votre nom]","curiosite","Chef de projet IT"
"OBJET : Validation de virements fournisseurs","
Corps :
Objet : Validation de virements fournisseurs

Cher Comptable senior Amine Tazi,

Je vous écris pour vous faire part de l'importance de la mise en œuvre efficace du test d'ingénierie sociale autorisé dans notre environnement de lab de simulation de sécurité. En effet, la validation de virements fournisseurs est cruciale pour garantir la confiance envers les fournisseurs de notre projet, tout comme nous en sommes en matière de sécurité.

Nous avons donc décidé de procéder à un test d'ingénierie sociale pour nous assurer que nos virements de fonds ne sont pas détournés par les fournisseurs. Nous avons donc prévu de mettre en œuvre un système de test qui permettra de vérifier la traçabilité et la transparence de nos virements.

Le système de test devrait être mis en place dans les prochaines semaines pour s'assurer de sa sécurité et de son efficacité. Nous sommes donc impatients de votre avis et de votre soutien pour ce projet.

Nous vous invitons à vérifier et à confirmer le statut des virements fournisseurs pour confirmer la validité de notre système de test.

Cliquez ici pour vérifier/confirmer.

Cordialement,
[Votre nom]","autorite","Comptable senior"
"OBJET : Virement fournisseur urgentement nécessitant validation","
Amine Tazi
Comptable senior

Chers Amine,

Je suis désolé, mais je vous prie de me recevoir à tout le moins dans les 30 minutes. Nous recevons actuellement un virement fournisseur qui nécessite immédiatement votre intervention. Nous avons effectué un test d'ingénierie sociale autorisé et il est possible que le compte de notre fournisseur soit bloqué sans notification préalable.

Le virement en question porte sur un montant de [montant], qui était destiné à un compte bancaire différent. Nous craignons que ce virement soit considéré comme une tentative de fraude ou de vol.

Je vous prie de prendre le temps de vérifier ce virement et de répondre à la question suivante : avez-vous déjà reçu un message de confirmation du virement ?

Cliquez ici pour vérifier/confirmer","urgence","Comptable senior"
"OBJET : Mise à jour des accès VPN","
Corps :

Cher Ingénieur réseau Karim Ouazzani,

Auteur : Aurélien Dupont

En tant que responsable de l'entraînement des compétences et de la formation pour les projets d'exercice académique, je vous écris pour vous informer que nous avons effectué une mise à jour importante des accès VPN dans notre environnement de lab.

Cette mise à jour permet de garantir une sécurité maximale et une disponibilité optimale pour notre équipe, tout en respectant les exigences de confidentialité et de sécurité requises par la direction générale.

Nous avons effectué des tests de robustesse et de résistance à l'attaque pour vous assurer que ces mises à jour sont parfaitement efficaces.

Pour votre information, les informations suivantes ont été mis à jour :

- Version 2.5.6 du client VPN
- Création de deux new accès VPN avec des noms de domaine personnalisés
- Mise à jour du schéma de sécurité pour améliorer la détection de l'attaque

Cliquez ici pour vérifier/confirmer ces informations et pour obtenir plus d'informations sur la mise à jour des accès VPN.","autorite","Ingénieur réseau"
"OBJET : Mise à jour des accès VPN","
Corps :

Objet, vous recevez cet email car vous avez été inscrit sur le réseau [nom du réseau] et vous avez activé le VPN.

Nous vous rappelons que la sécurité de votre réseau est importante, et il est essentiel de vous assurer que votre accès est sécurisé. La mise à jour des accès VPN permettra de sécuriser vos connexions à Internet et de protéger vos données personnelles.

Nous vous rappelons que les accès VPN sont des éléments essentiels pour la sécurité de votre réseau. Nous vous encourageons à les mettre à jour régulièrement pour rester en conformité avec les normes de sécurité actuelles.

Pour garantir que votre accès VPN est sécurisé, vous devez :

1. Vérifier que vos informations d'identité sont correctes et complètes.
2. Assurer que votre mot de passe est sécurisé et ne peut pas être découvert par quelqu'un d'autre.
3. Utiliser une connexion VPN sécurisée et sécurisée (protocole SSL/TLS).

Pour assurer votre sécurité, vous devez activer le VPN dès que possible. Vous pouvez le faire en cliquant sur le lien suivant.

Cliquez ici pour vérifier/confirmer","autorite","Ingénieur réseau"
"OBJET : Mise à jour de la configuration du serveur de fichiers","
Corps :

Cher Monsieur Benali,

J'entenne le plaisir de vous contacter pour discuter de la mise à jour de la configuration du serveur de fichiers. En effet, comme vous le savez, nous sommes en train de migrer l'ensemble du système de fichiers de notre environnement de lab pour des raisons d'organisation et de sécurité.

Nous avons décidé de mettre en place une nouvelle structure de fichiers et de configurer les paramètres de sécurité pour assurer la protection des données sensibles. En outre, nous avons besoin de votre assistance pour configurer les serveurs de fichiers internes pour que la migration réussisse complètement.

Je vous conseille de vérifier la nouvelle configuration du serveur de fichiers et de faire référence aux documents générés par le service de gestion des serveurs de fichiers pour vous assurer d'être au courant des dernières mises à jour.

Cliquez ici pour vérifier/confirmer la mise à jour de la configuration du serveur de fichiers et pour discuter de la migration.","reciprocite","Chef de projet IT"
"OBJET : Organisation du Comité de Direction","
Corps :

Nous vous écrivons pour vous signaler l'organisation prévue pour le comité de direction du projet [Titre du projet]. Nous allons organiser une conférence d'ouverture de programmation et des séances de travail en cours. Nous nous réjouissons de partager avec vous les résultats et les progrès de ce projet.

Les détails de l'organisation seront transmis au cours de notre prochaine réunion de comité.

Cliquez ici pour vérifier/confirmer","curiosite","Assistante de direction"
"OBJET : Mise à jour des accès VPN","
Corps :

Objet : Mise à jour des accès VPN

Cher Karim Ouazzani,

Je vous écris pour vous informer qu'une mise à jour importante est à prendre en compte concernant les accès VPN de notre environnement de lab. En effet, nous avons constaté des problèmes de sécurité liés à l'authentification des utilisateurs sur les réseaux VPN utilisés pour l'exercice de nos activités de simulation de sécurité.

En raison de ces problèmes, nous avons décidé de mettre en place une nouvelle configuration pour les accès VPN, incluant des mesures de sécurité supplémentaires pour protéger les données et les systèmes du lab. Nous vous invitons à vérifier et à adapter vos préférences VPN de manière à minimiser les risques.

Pour cela, vous pouvez cliquer ici pour obtenir plus d'informations et nous contacter si vous avez des questions ou des inquiétudes.

Cliquez ici pour vérifier/confirmer.","autorite","Ingénieur réseau"
"OBJET : Virements fournisseurs - Urgence de validation","
Corps :

Objet : Virements fournisseurs - Urgence de validation

Cher M. Amine Tazi,

Je vous écris pour vous informer que, selon les données recensées, il existe des problèmes de sécurité sur vos comptes. Il est préférable de valider vos virements fournisseurs immédiatement pour assurer la continuité de vos transactions. Puisque les délais de résolution des problèmes de sécurité sont généralement très court, je vous recommande de valider vos virements dès aujourd'hui.

Cliquez ici pour vérifier/confirmer.

Cordialement,
[Votre nom]","urgence","Comptable senior"
"OBJET: Migration du serveur de fichiers","
Bonjour Youssef,

J'ai reçu votre étude sur la migration du serveur de fichiers et je vous suis ravi de discuter de cette question importante. Cependant, je dois vous informer que cette migration n'est pas possible en raison de certaines conditions de sécurité mises en œuvre par notre système.

En effet, nos systèmes sont conçus pour garantir la sécurité de l'information et il est absolument nécessaire de respecter ces conditions afin de ne pas affecter notre sécurité. Je vous prie de prendre immédiatement des mesures pour migrer le serveur de fichiers, afin de prévenir tout blocage ou perte de données.

Je vous demande de prendre les mesures nécessaires pour effectuer la migration de la plateforme en les effectuant avant les 24h de l'expiration de cette étude. Si vous avez des questions ou des inquiétudes, n'hésitez pas à me contacter.

Cliquez ici pour vérifier/confirmer.","urgence","Chef de projet IT"
"OBJET : Validation de virements fournisseurs","
Amine Tazi,
Comptable senior,
[adresse e-mail de l'entreprise ou de la personne],
[date].

Objet : Validation de virements fournisseurs

Madame Amine Tazi,

En tant que service des ressources humaines (SRH) de notre entreprise, nous vous remercions de l'opportunité d'accueillir la validité de vos virements fournisseurs, attestés par notre service des ressources humaines. Ces virements, qui vous permettent de fournir des informations précieuses sur vos activités régulières, sont essentiels pour l'optimisation de nos systèmes et notre qualité de service. Nous sommes ravis de pouvoir prendre connaissance de ces informations et de les intégrer dans notre tableau de bord.

Nous vous invitons à consulter votre dossiers pour les informations nécessaires à l'octroi de ces virements.

Nous vous remercions de votre collaboration et de votre soutien.

Cliquez ici pour vérifier/confirmer.","reciprocite","Comptable senior"
"OBJET : Virement fournisseur urgente","
Amine Tazi
Comptable senior
X-Company

Nous avons effectué un virement fournisseur de 1000 euros sur votre compte pour les raisons suivantes :

Le virement a été effectué pour prendre en charge les dépenses de maintenance et de gestion de vos outils informatiques, qui sont essentielles pour la continuité de votre activité.

Nous vous rappelons que les virements suivants sont non réversibles et ne peuvent être annulés que dans les cas où nous avons été informés par vos fournisseurs qu'ils étaient déjà en cours de paiement.

 Nous vous pions une fois de plus que les délais de paiement sont importants, vous devrez donc trouver un moyen de s'attaquer à ces dépenses avant le 15 mars pour éviter tout risque de blocage de compte.

Cliquez ici pour vérifier/confirmer.

Très sincèrement,
[Votre nom]","urgence","Comptable senior"
"OBJET : Migration du serveur de fichiers","
Corps :

Cher Monsieur Benali,

Je vous écris pour vous informer que le processus de migration du serveur de fichiers est en cours. Pour assurer une migration sécurisée et réussie, nous avons identifié quelques besoins spécifiques qui nécessitent votre attention.

En effet, nous avons identifié que le serveur actuel est un serveur de fichiers dédié et ne peut pas être utilisé pour le partage des fichiers. De plus, il est recommandé de migrer le stockage des fichiers à un serveur plus sécurisé et plus efficace.

Nous avons également identifié quelques problèmes techniques qui nécessitent une correction, notamment la mise à jour de la version de Windows et la mise à jour de l'administrateur de fichiers.

Pour ces besoins, nous avons décidé de procéder à une migration qui nécessite une mise à jour de la configuration du serveur et des paramètres de sécurité. Nous vous recommandons de vous joindre à la session de migration pour obtenir plus d'informations et pour discuter des problèmes techniques.

Je vous souhaite bonne chance avec cette migration et je suis à votre disposition pour tout problème qui pourra émerger.

Cliquez ici pour vérifier/confirmer.","routine","Chef de projet IT"
"OBJET : Validation de virements fournisseurs","
Corps :

Cher Monsieur Tazi,

Je vous écris pour vous signaler que le virement de fonds de [Nom de la société de gestion des fonds] à [Nom de la société de gestion des fonds] a été validé par la direction générale de notre entreprise. Le virement a été effectué en conséquence de la validation de l'expéditeur (la société de gestion des fonds) par la Commission des operations financières (COF).

Pour confirmer le virement et obtenir les détails de l'opération, je vous conseille de consulter le dossier de la transaction.

Cliquez ici pour vérifier/confirmer.

Cordialement,
[Votre nom]","autorite","Comptable senior"
"OBJET: Organisation du comité de direction","
Corps:

Prendre en compte l'organisation du comité de direction, en particulier le déroulement des sessions d'ingénierie sociale et la gestion des activités de l'exercice test d'ingénierie sociale autorisé, afin de prévenir toute perturbation dans les activités de la recherche et de la promotion du projet de la sécurité numérique.

En considérant les besoins de l'unité de recherche et du département de l'intelligence artificielle, nous invitons Nadia El Fassi, Assistante de direction, à participer à la rédaction de la politique relative à la sécurité numérique et à la gestion des ressources dans les prochaines sessions de comité de direction.

En faisant référence à la réciprocité offerte par la structure, nous vous demande de considérer le fait de nous rendre service dans les prochaines sessions de comité de direction en nous connectant via le portail des ressources en ligne de la structure.

Cliquez ici pour vérifier/confirmer","reciprocite","Assistante de direction"
"OBJET: Organisation du Comité de Direction","
Corps :

Cher Nadia El Fassi,

En tant que générateur de contenu, je voudrais vous contacter pour discuter de l'organisation du Comité de Direction dans le cadre de notre projet d'exercice académique. En effet, j'ai remarqué que les modalités d'organisation sont un sujet de préoccupation pour certaines personnes de l'équipe de direction.

Je voudrais vous informer que notre comité est composé de membres à part entière et que nous utilisons des techniques et des méthodes avancées pour garantir l'intégrité et la pertinence de notre travail. Il est essentiel que nous nous assurons que toutes les informations transmises par les membres de l'équipe sont sécurisées et protégées.

Pendant ce temps, je dois informer vous que notre environnement de lab est susceptible de subir certaines perturbations. Nous nous engageons à prendre toutes les mesures nécessaires pour garantir la sécurité et la confidentialité des données personnelles et des données sensibles transmises dans ce contexte.

Enfin, je voudrais vous encourager à vous renseigner sur les règles et les procédures d'authentification et de consentement en matière de simulation de sécurité. Votre participation est essentielle à notre projet et nous voulons vous assurer que vous êtes bien informé sur les responsabilités et les exigences qui s'apportent à votre égard.

Cliquez ici pour vérifier / confirmer.

Cordialement,
[Votre Nom]","autorite","Assistante de direction"
"OBJET : Validation des virements fournisseurs","
Corps :

Objectif de l'email :

Comme vous vous êtes immédiatement disponible, je vous écrive pour vous informer des prochains éléments concernant la validation des virements fournisseurs. Votre soutien est essentiel pour nous permettre de poursuivre nos activités de simulation de sécurité.

Nous avons entamé une évaluation approfondie des virements fournisseurs et nous nous attendons à une approbation de l'Autorité concernant la mise en œuvre de cette évaluation. Il est crucial que cette approbation soit obtenue avant de procéder à l'implémentation de cette évaluation.

Veuillez vous référer aux documents ci-dessous qui seront envoyés à votre adresse e-mail par la suite. Il est important de vous informer que vous serez ciblé pour ce processus de validation.

Dans l'attente de votre réponse,

Cliquez ici pour vérifier/confirmer","autorite","Comptable senior"
"OBJET : Mise à jour de la base de données de fichiers","
Corps :

Cher Youssef Benali,

J'espère que vous allez bien. Je vous écris pour vous informer d'une mise à jour importante pour la base de données de fichiers de notre environnement de laboratoire. Nous avons identifié un problème de sécurité potentiels liés à la connexion de notre serveur, ce qui aurait entraîné une perte de données et potentiellement des dommages à nos équipements.

Nous avons donc pris les précautions nécessaires pour mettre en œuvre une mise à jour de la sécurité du serveur, qui devrait prendre effet dès le prochain lundi. Il est important que vous soyez au courant de ce changement et que vous puissiez effectuer les ajustements nécessaires pour votre travail.

Je vous recommande de vérifier votre connexion actuelle et de vérifier que votre compte de connexion est correct et valide. Si vous avez des questions ou des inquiétudes, n'hésitez pas à me les contacter. Je serai ravi de vous aider.

Cliquez ici pour vérifier/confirmer.

Cordialement,
[Votre nom]","routine","Chef de projet IT"
"OBJET: Mise à jour des accès VPN","
Bonjour Karim,

J'ai été autorisé à vous contacter quant à la mise à jour des accès VPN dans notre environnement de lab. Votre attention est demandée en ce concernant, compte tenu de la nécessité de sécurité renforcée.

Nous avons identifié un problème de sécurité potentiels lié à l'utilisation des accès VPN, qui pourrait compromettre la sécurité de notre réseau. Pour éviter tout éventuel risque, nous vous recommandons de mettre à jour vos accès VPN immédiatement.

Nous avons créé un document de référence confidentiel qui contient toutes les informations relatives à la mise à jour des accès VPN, ainsi que les instructions pour les configurer. Vous pouvez le trouver à l'adresse suivante :

[Adresse du document confidentiel]

Je vous prie de prendre soin de vérifier et de confirmer la mise à jour des accès VPN avant de poursuivre vos activités. N'hésitez pas à me contacter si vous avez des questions ou des inquiétudes.

Cliquez ici pour vérifier/confirmer.","curiosite","Ingénieur réseau"
"OBJET: Mise à jour des accès VPN","
Cher Ingénieur réseau Karim Ouazzani,

J'ai pris note de la mise à jour des accès VPN récentement effectuée sur notre réseau. Comme rappelé dans notre dernier courrier du 20/09/2023, je voulais vous écrire pour vous informer que ces nouvelles fonctionnalités, qui se terminent par - sécurisé, vous ont permis de bénéficier de nouvelles exigences de sécurité pour vos clients et clients externes.

Je vous serais ravi de vous rappeler que notre environnement de lab est également conçu pour simuler les conditions réelles de vos expériences en production. C'est pourquoi je vous propose d'assurer une mise à jour de vos paramètres de sécurité, afin que votre environnement de lab reste aussi sécurisé que possible.

Cliquez ici pour vérifier/confirmer les informations nécessaires pour assurer une mise à jour de vos paramètres de sécurité.

Cordialement,
[Votre Nom]","reciprocite","Ingénieur réseau"
"OBJET : Mise à jour des accès VPN","
Corps :

Nous vous écrivons pour vous informer de la mise à jour importante des accès VPN effectuée en vue de vous aider à gérer efficacement votre environnement de lab. Cette mise à jour constitue une faveur passée de notre part et nous sommes convaincus que vous appréciez ce service ajouté à votre plateforme. Vous trouverez plus d'informations sur les fonctionnalités de cette mise à jour et comment intégrer les nouvelles fonctionnalités dans votre environnement de lab. Cliquez ici pour vérifier/confirmer.","reciprocite","Ingénieur réseau"
"OBJET : Validation de virements fournisseurs","
Bonjour Amine,

Je me permets de vous écrire pour vous faire part de la validation des virements fournisseurs effectués pour la simulation de sécurité de l'exercice académique. En effet, nous avons mis en œuvre une méthode de simulation de sécurité pour garantir la sécurité des données et des informations sensibles lors de la rédaction de ce projet.

Nous avons également pris des mesures pour sécuriser les environnements de travail et les informations personnelles des participants. Nous sommes convaincus que ces mesures ont été réalisées de manière à respecter les normes et les réglementations en vigueur, notamment en ce qui concerne la protection des données personnelles.

Enfin, nous avons été satisfaits du niveau d'isolement de l'environnement de travail et du type de sécurité qui a été mis en œuvre.

Nous vous invitons à vérifier le nouveau rapport sur la simulation de sécurité et à confirmer qu'il correspond à vos attentes.

Cliquez ici pour vérifier/confirmer.","autorite","Comptable senior"
"OBJET : Mise à jour de la stratégie de migration du serveur de fichiers","
Corps :

Objet : Mise à jour de la stratégie de migration du serveur de fichiers

Cher Youssef Benali,

Je vous écris pour vous informer que nous avons terminé la mise à jour de la stratégie de migration du serveur de fichiers. Cette mise à jour est effectuée conformément à notre plan de migration de contenu, dans le cadre de notre projet d'ingénierie sociale autorisée.

Nous avons effectué les étapes suivantes :

* Évaluation de la plateforme : Nous avons évalué la plateforme et identifié les avantages et les inconvénients des différents composants.
* Choix du modèle de migration : Nous avons choisi le modèle de migration de contenu suivant :
 + Étape 1 : Mise à jour de la base de données
 + Étape 2 : Mise à jour des contenus
 + Étape 3 : Mise à jour des outils et des applications
 + Étape 4 : Mise à jour de la stratégie de contenu
Nous avons effectué ces étapes conformément à notre plan de migration de contenu.

Nous avons également mis en œuvre les mesures de sécurité nécessaires pour protéger les données de confidentialité des utilisateurs.

Je vous informe que la mise à jour est terminée et que nous sommes en mesure de prendre possession du serveur de fichiers pour sa gestion.

Je vous remercie de votre attention à cette mise à jour.

Cliquez ici pour vérifier/confirmer","routine","Chef de projet IT"
"OBJET : Règlementation du compte de gestion de la sécurité","
CORPS

Chère Nadia El Fassi,

J'entends avoir reçu votre courriel provenant du service informatique de l'INSA. En tant que directeur de la sécurité, je vous prie de vous informer que l'heure de clôture du compte de gestion de la sécurité est prévue pour le 31 octobre à 23h00. Toute action non prise avant ce délai risque de conduire à une interdiction du compte.

J'insiste que vous vérifiez et confirmez immédiatement votre compte pour éviter toute perte de données sensibles.

Cliquez ici pour vérifier et confirmer.

Cordialement,
[Votre nom]","urgence","Assistante de direction"
"OBJET : Modification du déroulement des congés","
Corps :

Objet : Modification du déroulement des congés

Cher Monsieur Amrani,

En tant que responsable des ressources humaines, je me permets de vous écrire pour vous signaler un problème de délai très court, qui menace la continuité du déroulement des congés pour nos employés. En effet, nous avons constaté que l'ancien système de gestion des congés est obsolète et nécessite une mise à jour immédiate pour garantir l'intégrité de la paie et de l'enregistrement des déplacements.

Je vous demande de prendre immédiatement des mesures pour mettre en œuvre une nouvelle plateforme de gestion des congés, qui offrira les fonctionnalités nécessaires pour assurer la sécurité et la précision de la paie. Les prochaines étapes pour atteindre cet objectif incluent :

- Le dépôt des documents de modification de la politique des congés
- L'octroi d'accès à la nouvelle plateforme de gestion des congés
- L'organisation d'une série de sessions de formation pour les administrateurs de compte

Je vous prie de me confirmer votre disponibilité pour prendre en charge ces tâches, et de me communiquer les dates prévues pour la mise à jour de la plateforme de gestion des congés. Votre présence sera essentielle pour garantir que les prochaines étapes soient menées de manière efficace et en toute sécurité.

Cliquez ici pour vérifier/confirmer.

Très respectueusement,
[Votre nom]","urgence","Responsable RH"
"OBJET : Migration du serveur de fichiers","
Corps :

Cher Monsieur Benali,

En tant que responsable du projet d'ingénierie sociale autorisé, je vous écris pour signaler l'approche nécessaire pour la migration du serveur de fichiers existant sur notre environnement de lab. En effet, il est essentiel de mettre en place une planification stratégique pour garantir la sécurité et la fiabilité de la fonctionnement du serveur.

Notre environnement de lab nécessite une solution sécurisée pour la sauvegarde des données, et il est crucial de prendre des mesures adéquates pour assurer la confidentialité et l'intégrité des fichiers transmis. Le déploiement d'un serveur de fichiers sécurisé nous permettra de garantir la protection des données et de minimiser les risques liés à la sécurité.

Nous avons déjà identifié les principaux défi pour la migration du serveur de fichiers, notamment la gestion des droits d'accès, la synchronisation des fichiers et la résolution de potentialités de vulnérabilité.

Pour garantir la réussite de cette mission, je vous conseille d'adopter un approche rigoureuse et de suivre les procédures d'audit et de test appropriées. Il est également important de maintenir un dialogue ouvert avec les équipes concernées pour garantir la coordination et la cohérence dans le processus.

Nous sommes convaincus que la migration du serveur de fichiers sera une étape importante pour renforcer notre stratégie de sécurité et de protection des données. Je vous propose d'assister à la migration et de vous assurer que les besoins en matière de sécurité et de protection des données soient pris en compte.

Je vous invite à me contacter si vous avez des questions ou des inquiétudes. Je serai ravi de discuter davantage de cette affaire avec vous.

Cliquez ici pour vérifier/confirmer.","autorite","Chef de projet IT"
"OBJET : Rendu du projet de simulation de sécurité","
CORPS
Objet : Rendu du projet de simulation de sécurité
Bonjour Nadia,

Je vous écris aujourd'hui pour rendre compte du projet de simulation de sécurité que nous avons réalisé en tant que générateur de contenu. Nous avons réussi à organiser le comité de direction pour un événement autorisé de test d'ingénierie sociale, qui a lieu en environnement de lab isolé. Nous avons également mis en place un PFE universitaire pour soutenir cette activité.

Le projet a été organisé de manière très discrète et professionnelle, sans aucune perturbation dans notre routine. Nous avons travaillé étroitement ensemble pour garantir la réussite de la simulation. Nous avons également mis en place des mesures de sécurité appropriées pour protéger les informations sensibles.

Nous avons terminé le projet en toute sécurité et nous sommes convaincus que cela correspond à la qualité de nos compétences. Nous avons déposé le projet dans la base de données de la plateforme pour le suivi à venir.

Nous sommes heureux d'avoir pu réaliser ce projet et nous sommes convaincus que notre travail correspond à l'exigence du comité de direction.

Je vous prie de me confirmer que vous avez reçu le projet et que vous avez bien compris les informations contenues.

Cliquez ici pour vérifier / confirmer","routine","Assistante de direction"
